{
  "event": "west_bengal_election_2026",
  "granularity": "12H",
  "split_ratios": {
    "train": 0.7,
    "val": 0.1,
    "test": 0.2
  },
  "variables": {
    "comment_count": {
      "mean": 304.79487179487177,
      "std": 502.5808356711962,
      "n_train": 39,
      "std_was_zero": false
    },
    "sentiment_polarity": {
      "mean": -0.18923789552082793,
      "std": 0.1414243022667755,
      "n_train": 39,
      "std_was_zero": false
    }
  }
}
