{
  "event": "nyc_flash_flooding_2026",
  "granularity": "12H",
  "split_ratios": {
    "train": 0.7,
    "val": 0.1,
    "test": 0.2
  },
  "variables": {
    "comment_count": {
      "mean": 27.358974358974358,
      "std": 70.50422325211417,
      "n_train": 39,
      "std_was_zero": false
    },
    "sentiment_polarity": {
      "mean": 0.21295868204172763,
      "std": 0.6377053419182831,
      "n_train": 39,
      "std_was_zero": false
    }
  }
}
