{
  "event": "vivatech_2026",
  "granularity": "12H",
  "split_ratios": {
    "train": 0.7,
    "val": 0.1,
    "test": 0.2
  },
  "variables": {
    "comment_count": {
      "mean": 66.17948717948718,
      "std": 118.42467513904481,
      "n_train": 39,
      "std_was_zero": false
    },
    "sentiment_polarity": {
      "mean": 0.3985078077522609,
      "std": 0.4324746539656497,
      "n_train": 39,
      "std_was_zero": false
    }
  }
}
