{
  "event": "west_bengal_election_2026",
  "granularity": "1D",
  "split_ratios": {
    "train": 0.7,
    "val": 0.1,
    "test": 0.2
  },
  "variables": {
    "comment_count": {
      "mean": 622.7368421052631,
      "std": 757.3948314769003,
      "n_train": 19,
      "std_was_zero": false
    },
    "sentiment_polarity": {
      "mean": -0.19662993688069508,
      "std": 0.12119797834910984,
      "n_train": 19,
      "std_was_zero": false
    }
  }
}
