{
  "event": "axiom_mission_2022",
  "granularity": "1D",
  "split_ratios": {
    "train": 0.7,
    "val": 0.1,
    "test": 0.2
  },
  "variables": {
    "comment_count": {
      "mean": 25.023809523809526,
      "std": 75.04997956766262,
      "n_train": 42
    },
    "sentiment_polarity": {
      "mean": 0.3249281485917093,
      "std": 0.4548201296068291,
      "n_train": 42
    }
  }
}