{
  "event": "moscow_concert_hall_incident",
  "granularity": "12H",
  "split_ratios": {
    "train": 0.7,
    "val": 0.1,
    "test": 0.2
  },
  "variables": {
    "comment_count": {
      "mean": 74.35714285714286,
      "std": 91.48817811440928,
      "n_train": 14
    },
    "sentiment_polarity": {
      "mean": -0.21310733682444663,
      "std": 0.43376907079104493,
      "n_train": 14
    }
  }
}