{
  "event": "west_bengal_election_2026",
  "granularity": "6H",
  "split_ratios": {
    "train": 0.7,
    "val": 0.1,
    "test": 0.2
  },
  "variables": {
    "comment_count": {
      "mean": 152.39743589743588,
      "std": 294.5025505850801,
      "n_train": 78,
      "std_was_zero": false
    },
    "sentiment_polarity": {
      "mean": -0.20580046491032292,
      "std": 0.15907519737329587,
      "n_train": 78,
      "std_was_zero": false
    }
  }
}
