{
  "event": "india_general_election_2024",
  "granularity": "6H",
  "split_ratios": {
    "train": 0.7,
    "val": 0.1,
    "test": 0.2
  },
  "variables": {
    "comment_count": {
      "mean": 5.368243243243243,
      "std": 10.805538727156366,
      "n_train": 296
    },
    "sentiment_polarity": {
      "mean": -0.3439312583489891,
      "std": 0.5291980210723269,
      "n_train": 296
    }
  }
}