{
  "event": "cannes_film_festival_2026",
  "granularity": "12H",
  "split_ratios": {
    "train": 0.7,
    "val": 0.1,
    "test": 0.2
  },
  "variables": {
    "comment_count": {
      "mean": 6.102564102564102,
      "std": 5.3818063491010335,
      "n_train": 39,
      "std_was_zero": false
    },
    "sentiment_polarity": {
      "mean": 0.33933160158650355,
      "std": 0.44958276597985875,
      "n_train": 39,
      "std_was_zero": false
    }
  }
}
