{
  "event": "assam_election_2026",
  "granularity": "6H",
  "split_ratios": {
    "train": 0.7,
    "val": 0.1,
    "test": 0.2
  },
  "variables": {
    "comment_count": {
      "mean": 129.9102564102564,
      "std": 244.56534892499806,
      "n_train": 78,
      "std_was_zero": false
    },
    "sentiment_polarity": {
      "mean": -0.22686609039377997,
      "std": 0.25792063786685826,
      "n_train": 78,
      "std_was_zero": false
    }
  }
}
