{
  "event": "apple_wwdc_2026",
  "granularity": "1D",
  "split_ratios": {
    "train": 0.7,
    "val": 0.1,
    "test": 0.2
  },
  "variables": {
    "comment_count": {
      "mean": 607.6842105263158,
      "std": 799.5716651091566,
      "n_train": 19,
      "std_was_zero": false
    },
    "sentiment_polarity": {
      "mean": 0.19142364296600334,
      "std": 0.12295415661660145,
      "n_train": 19,
      "std_was_zero": false
    }
  }
}
