{
  "event": "paris_olympics_2024",
  "granularity": "6H",
  "split_ratios": {
    "train": 0.7,
    "val": 0.1,
    "test": 0.2
  },
  "variables": {
    "comment_count": {
      "mean": 146.584,
      "std": 198.62628965975276,
      "n_train": 125
    },
    "sentiment_polarity": {
      "mean": -0.022733506001926956,
      "std": 0.22768422979607855,
      "n_train": 125
    }
  }
}