{
  "event": "ai_summit_london_2026",
  "granularity": "12H",
  "split_ratios": {
    "train": 0.7,
    "val": 0.1,
    "test": 0.2
  },
  "variables": {
    "comment_count": {
      "mean": 2.5384615384615383,
      "std": 3.4851049636266436,
      "n_train": 39,
      "std_was_zero": false
    },
    "sentiment_polarity": {
      "mean": 0.13792106586224234,
      "std": 0.31668648260700344,
      "n_train": 39,
      "std_was_zero": false
    }
  }
}
