{
  "event": "apple_wwdc_2026",
  "granularity": "12H",
  "split_ratios": {
    "train": 0.7,
    "val": 0.1,
    "test": 0.2
  },
  "variables": {
    "comment_count": {
      "mean": 297.8205128205128,
      "std": 459.5656183048751,
      "n_train": 39,
      "std_was_zero": false
    },
    "sentiment_polarity": {
      "mean": 0.2009327946056836,
      "std": 0.12865595940633115,
      "n_train": 39,
      "std_was_zero": false
    }
  }
}
