{
  "event": "paris_olympics_2024",
  "granularity": "1D",
  "split_ratios": {
    "train": 0.7,
    "val": 0.1,
    "test": 0.2
  },
  "variables": {
    "comment_count": {
      "mean": 584.5483870967741,
      "std": 662.0552963315257,
      "n_train": 31
    },
    "sentiment_polarity": {
      "mean": -0.016830566724021466,
      "std": 0.14030267145747588,
      "n_train": 31
    }
  }
}