{
  "event": "cessna_collision_2026",
  "granularity": "6H",
  "split_ratios": {
    "train": 0.7,
    "val": 0.1,
    "test": 0.2
  },
  "variables": {
    "comment_count": {
      "mean": 5.884615384615385,
      "std": 10.915738777435047,
      "n_train": 78,
      "std_was_zero": false
    },
    "sentiment_polarity": {
      "mean": 0.03321409685634776,
      "std": 0.11067219385055882,
      "n_train": 78,
      "std_was_zero": false
    }
  }
}
