{
  "event": "mayon_volcano_activity_2026",
  "granularity": "6H",
  "split_ratios": {
    "train": 0.7,
    "val": 0.1,
    "test": 0.2
  },
  "variables": {
    "comment_count": {
      "mean": 19.897435897435898,
      "std": 37.64155836973678,
      "n_train": 78,
      "std_was_zero": false
    },
    "sentiment_polarity": {
      "mean": 0.03386984006065365,
      "std": 0.24661236862701463,
      "n_train": 78,
      "std_was_zero": false
    }
  }
}
