{
  "event": "gwyneth_paltrow_trial",
  "granularity": "12H",
  "split_ratios": {
    "train": 0.7,
    "val": 0.1,
    "test": 0.2
  },
  "variables": {
    "comment_count": {
      "mean": 7.548387096774194,
      "std": 7.975117390894205,
      "n_train": 31
    },
    "sentiment_polarity": {
      "mean": -0.3357351473146802,
      "std": 0.351139551187877,
      "n_train": 31
    }
  }
}