{
  "event": "baltimore_bridge_collapse",
  "granularity": "6H",
  "split_ratios": {
    "train": 0.7,
    "val": 0.1,
    "test": 0.2
  },
  "variables": {
    "comment_count": {
      "mean": 116.57142857142857,
      "std": 120.0533894837235,
      "n_train": 21
    },
    "sentiment_polarity": {
      "mean": -0.3349992884822028,
      "std": 0.09262976229568413,
      "n_train": 21
    }
  }
}