{
  "event": "cannes_film_festival_2026",
  "granularity": "1D",
  "split_ratios": {
    "train": 0.7,
    "val": 0.1,
    "test": 0.2
  },
  "variables": {
    "comment_count": {
      "mean": 12.052631578947368,
      "std": 8.281073437986077,
      "n_train": 19,
      "std_was_zero": false
    },
    "sentiment_polarity": {
      "mean": 0.34605594869526757,
      "std": 0.29820683061229003,
      "n_train": 19,
      "std_was_zero": false
    }
  }
}
