{
  "event": "uk_local_elections_2026",
  "granularity": "12H",
  "split_ratios": {
    "train": 0.7,
    "val": 0.1,
    "test": 0.2
  },
  "variables": {
    "comment_count": {
      "mean": 234.12820512820514,
      "std": 329.0948876872849,
      "n_train": 39,
      "std_was_zero": false
    },
    "sentiment_polarity": {
      "mean": -0.38890943048164744,
      "std": 0.16527512796992014,
      "n_train": 39,
      "std_was_zero": false
    }
  }
}
