{
  "event": "japan_snap_election_2026",
  "granularity": "12H",
  "split_ratios": {
    "train": 0.7,
    "val": 0.1,
    "test": 0.2
  },
  "variables": {
    "comment_count": {
      "mean": 395.94871794871796,
      "std": 653.6599503591179,
      "n_train": 39,
      "std_was_zero": false
    },
    "sentiment_polarity": {
      "mean": 0.037343372529693504,
      "std": 0.16819041649337194,
      "n_train": 39,
      "std_was_zero": false
    }
  }
}
