{
  "event": "ai_summit_london_2026",
  "granularity": "1D",
  "split_ratios": {
    "train": 0.7,
    "val": 0.1,
    "test": 0.2
  },
  "variables": {
    "comment_count": {
      "mean": 3.736842105263158,
      "std": 6.077067378467815,
      "n_train": 19,
      "std_was_zero": false
    },
    "sentiment_polarity": {
      "mean": 0.18040935672514619,
      "std": 0.3254744546062112,
      "n_train": 19,
      "std_was_zero": false
    }
  }
}
