{
  "event": "stargate_project_2025",
  "granularity": "1D",
  "split_ratios": {
    "train": 0.7,
    "val": 0.1,
    "test": 0.2
  },
  "variables": {
    "comment_count": {
      "mean": 25.68421052631579,
      "std": 57.97826510319821,
      "n_train": 19,
      "std_was_zero": false
    },
    "sentiment_polarity": {
      "mean": -0.06590930879110345,
      "std": 0.26719655079868204,
      "n_train": 19,
      "std_was_zero": false
    }
  }
}
