{
  "event": "kanye_west_controversy",
  "granularity": "1D",
  "split_ratios": {
    "train": 0.7,
    "val": 0.1,
    "test": 0.2
  },
  "variables": {
    "comment_count": {
      "mean": 169.52173913043478,
      "std": 77.75707408904009,
      "n_train": 23
    },
    "sentiment_polarity": {
      "mean": -0.4492575731046388,
      "std": 0.08574809909819836,
      "n_train": 23
    }
  }
}