{
  "event": "madonna_world_cup_2026",
  "granularity": "12H",
  "split_ratios": {
    "train": 0.7,
    "val": 0.1,
    "test": 0.2
  },
  "variables": {
    "comment_count": {
      "mean": 22.46153846153846,
      "std": 28.833604107677285,
      "n_train": 39,
      "std_was_zero": false
    },
    "sentiment_polarity": {
      "mean": 0.4016569998283448,
      "std": 0.4349161052663594,
      "n_train": 39,
      "std_was_zero": false
    }
  }
}
